id,label
41786,1
37965,1
55351,1
21861,1
67931,1
41142,1
31225,1
14133,1
51741,1
60395,1
39597,1
29188,1
4610,1
33684,1
49949,1
852,1
17153,1
32209,1
17790,1
17000,1
61294,1
230,1
64284,1
34829,1
68370,1
42928,1
11546,1
31817,1
55870,1
27294,1
40418,1
50738,1
14423,1
29049,1
68991,1
45405,1
59260,1
65173,1
7508,1
55277,1
16675,1
48276,1
10013,1
10714,1
7919,1
46070,1
15014,1
65189,1
62346,1
3728,1
50081,1
60430,1
25109,1
53788,1
64135,1
40553,1
70143,1
48353,1
37337,1
9678,1
64960,1
18182,1
56591,1
7186,1
52654,1
20536,1
47435,1
39041,1
13995,1
37721,1
5856,1
71539,1
19597,1
9074,1
62551,1
45154,1
35380,1
3316,1
67331,1
34944,1
26666,1
24330,1
25839,1
25506,1
42659,1
34611,1
14899,1
12082,1
44484,1
20709,1
53559,1
45084,1
2092,1
53563,1
1083,1
70440,1
18386,1
69991,1
12657,1
64931,1
16973,1
21757,1
17122,1
33734,1
38102,1
20262,1
12867,1
38719,1
64454,1
59323,1
41474,1
28927,1
60235,1
51744,1
42034,1
62410,1
62304,1
58055,1
5144,1
56340,1
3676,1
60117,1
18875,1
13419,1
4366,1
3851,1
52959,1
7905,1
46121,1
15533,1
66419,1
52932,1
8641,1
41340,1
15934,1
23325,1
6233,1
14806,1
47652,1
37186,1
55452,1
32950,1
10387,1
53607,1
68527,1
67152,1
15299,1
66551,1
36771,1
48033,1
14051,1
38206,1
59377,1
7115,1
9335,1
4344,1
54685,1
29192,1
41924,1
8866,1
1079,1
19723,1
42862,1
32976,1
69729,1
57372,1
63174,1
23055,1
41651,1
55120,1
25529,1
37255,1
771,1
6457,1
4270,1
44522,1
67731,1
14450,1
30632,1
21991,1
9588,1
39681,1
52236,1
62225,1
57438,1
5179,1
37600,1
25616,1
58254,1
25454,1
5844,1
22973,1
21857,1
27133,1
6095,1
62574,1
2023,1
71473,1
38803,1
45202,1
2841,1
27958,1
12780,1
745,1
67365,1
11074,1
59781,1
15867,1
55692,1
46558,1
5718,1
13304,1
19437,1
3449,1
29562,1
11561,1
11090,1
43770,1
39679,1
45826,1
22496,1
19157,1
39567,1
35740,1
17370,1
62505,1
30287,1
2353,1
61896,1
46411,1
50835,1
30666,1
59379,1
18492,1
17321,1
28306,1
2958,1
18214,1
43907,1
48841,1
62777,1
55997,1
31465,1
63804,1
41076,1
62120,1
58732,1
30844,1
66779,1
26663,1
2484,1
42016,1
47682,1
33072,1
56394,1
57151,1
66806,1
4949,1
41286,1
37248,1
38157,1
54225,1
26767,1
35705,1
2136,1
66508,1
45414,1
33528,1
5328,1
50114,1
51504,1
5125,1
47498,1
4404,1
68177,1
62763,1
48858,1
20863,1
61237,1
13059,1
44978,1
1419,1
38588,1
28727,1
21988,1
36109,1
49628,1
4941,1
57058,1
25013,1
43406,1
24869,1
2874,1
29380,1
38459,1
1904,1
10849,1
39316,1
64234,1
60902,1
19242,1
4150,1
2239,1
16381,1
52592,1
1115,1
22071,1
17639,1
59702,1
51310,1
10669,1
25486,1
37361,1
26454,1
67978,1
60711,1
39742,1
67082,1
16967,1
55113,1
21204,1
64722,1
37235,1
40374,1
50747,1
66931,1
66602,1
8831,1
3664,1
66737,1
30581,1
7835,1
38344,1
62133,1
27875,1
26525,1
54315,1
27557,1
9909,1
18619,1
6530,1
40451,1
68484,1
15966,1
32345,1
48029,1
61968,1
32111,1
15977,1
51671,1
19643,1
38347,1
5141,1
18558,1
40893,1
51834,1
39968,1
58375,1
41111,1
16386,1
13658,1
49902,1
35298,1
49933,1
5637,1
26814,1
32405,1
43893,1
19421,1
64636,1
69597,1
34027,1
57879,1
41918,1
53413,1
27989,1
2150,1
55317,1
445,1
69167,1
98,1
37131,1
23075,1
70027,1
11461,1
10371,1
65062,1
63647,1
9514,1
31960,1
22092,1
59931,1
65838,1
6271,1
67696,1
53562,1
20987,1
20044,1
67058,1
34667,1
41560,1
45350,1
35251,1
35063,1
4887,1
23723,1
30440,1
35131,1
18115,1
68749,1
66405,1
10344,1
61749,1
28828,1
28573,1
25325,1
14737,1
40126,1
53098,1
16001,1
60573,1
41581,1
51641,1
52158,1
60695,1
51476,1
25580,1
24557,1
1497,1
67746,1
46680,1
7053,1
66171,1
31435,1
4608,1
49038,1
10887,1
42228,1
21691,1
70101,1
27157,1
20874,1
72107,1
47028,1
49695,1
31224,1
43229,1
54375,1
50895,1
70676,1
24632,1
45932,1
65251,1
25229,1
53602,1
44208,1
948,1
64187,1
32562,1
54920,1
46193,1
70586,1
11556,1
11231,1
28569,1
55264,1
42660,1
21197,1
30689,1
41936,1
50004,1
6070,1
26946,1
11785,1
22316,1
67748,1
12109,1
10978,1
58163,1
65243,1
25664,1
59660,1
564,1
27535,1
50043,1
19131,1
59837,1
3131,1
48849,1
70776,1
67074,1
39638,1
22405,1
58592,1
23611,1
61697,1
33784,1
14509,1
23272,1
5374,1
43414,1
64793,1
9860,1
20171,1
45511,1
21479,1
39321,1
56242,1
14174,1
15518,1
24127,1
8169,1
29925,1
24595,1
22957,1
2558,1
8533,1
44575,1
5725,1
70937,1
41248,1
27907,1
50283,1
29125,1
12759,1
57523,1
17785,1
59226,1
770,1
16920,1
68594,1
40215,1
10058,1
49723,1
57847,1
59929,1
24231,1
11045,1
10625,1
34978,1
26957,1
40548,1
45080,1
22805,1
28628,1
54524,1
44639,1
6681,1
39708,1
59318,1
65311,1
40414,1
37198,1
59032,1
51758,1
66652,1
28409,1
39108,1
58272,1
8811,1
12474,1
16837,1
53826,1
67193,1
50904,1
53387,1
70952,1
45071,1
4924,1
65517,1
54905,1
58780,1
33273,1
21329,1
36243,1
51322,1
60734,1
43328,1
46771,1
48768,1
55163,1
46240,1
36803,1
16960,1
209,1
61872,1
27690,1
11102,1
45143,1
36379,1
42663,1
66734,1
41253,1
44683,1
36533,1
4012,1
19077,1
63904,1
45744,1
44869,1
60265,1
29333,1
50886,1
42581,1
38997,1
6185,1
30938,1
71438,1
5155,1
36108,1
57459,1
16760,1
69261,1
18550,1
36213,1
58405,1
2140,1
64863,1
32268,1
16883,1
11501,1
22336,1
42662,1
69886,1
68523,1
54498,1
28902,1
138,1
20962,1
4804,1
31299,1
11377,1
62144,1
67779,1
38586,1
18170,1
60708,1
7144,1
41212,1
9912,1
415,1
19762,1
24619,1
2794,1
341,1
45948,1
43836,1
59200,1
15298,1
39289,1
58214,1
5117,1
4429,1
22637,1
44460,1
32666,1
285,1
27141,1
43382,1
9868,1
1342,1
63911,1
48443,1
29079,1
49433,1
55090,1
12676,1
30978,1
16459,1
7864,1
3705,1
86,1
28195,1
9300,1
16926,1
64124,1
40458,1
39576,1
62797,1
65867,1
1081,1
46834,1
15409,1
57309,1
10529,1
9828,1
69098,1
71029,1
11829,1
20689,1
38213,1
54065,1
40025,1
68422,1
45199,1
70536,1
42081,1
62752,1
51569,1
3282,1
28305,1
57307,1
29220,1
27981,1
53797,1
9289,1
42510,1
60492,1
4377,1
25945,1
41593,1
67349,1
60446,1
61315,1
48581,1
10043,1
24723,1
15523,1
714,1
5408,1
54105,1
48252,1
38843,1
53354,1
9304,1
25926,1
24533,1
5063,1
14540,1
45725,1
52520,1
10670,1
11029,1
2005,1
3246,1
61795,1
18549,1
36815,1
67757,1
36357,1
36403,1
41134,1
49996,1
37955,1
57222,1
35507,1
33760,1
4370,1
50693,1
64607,1
38293,1
2210,1
34127,1
7980,1
62670,1
10002,1
51713,1
49696,1
44028,1
42923,1
69157,1
43351,1
41042,1
58620,1
54202,1
39339,1
41326,1
38825,1
66299,1
39823,1
29724,1
1969,1
5036,1
31046,1
47466,1
29968,1
65523,1
19357,1
31028,1
11520,1
59497,1
52115,1
25572,1
34703,1
1179,1
5194,1
616,1
21674,1
1433,1
35002,1
61657,1
22351,1
70790,1
24942,1
57460,1
22685,1
55302,1
31923,1
14855,1
20664,1
17477,1
25028,1
47894,1
38713,1
21654,1
2801,1
7102,1
56785,1
59027,1
40412,1
61262,1
18823,1
18058,1
69174,1
60476,1
40914,1
44819,1
28453,1
28402,1
36523,1
20855,1
13196,1
44911,1
8283,1
66775,1
48605,1
14624,1
63809,1
1997,1
50918,1
11050,1
46545,1
41970,1
34521,1
63448,1
37008,1
20061,1
39725,1
24437,1
62195,1
54868,1
34676,1
7077,1
71518,1
8296,1
11716,1
12587,1
63150,1
12475,1
24594,1
71217,1
48285,1
57057,1
27531,1
1664,1
15459,1
8207,1
46755,1
32992,1
57722,1
43423,1
70735,1
8178,1
8470,1
59091,1
32244,1
56279,1
68286,1
68147,1
23088,1
32682,1
9245,1
8180,1
63497,1
29394,1
34310,1
10525,1
4979,1
64383,1
3718,1
48735,1
68235,1
64681,1
28844,1
66358,1
47800,1
36255,1
38561,1
65349,1
47344,1
5981,1
59798,1
44574,1
58269,1
17074,1
13283,1
1832,1
43190,1
56133,1
34252,1
54626,1
57830,1
6750,1
59230,1
55956,1
44092,1
22546,1
19854,1
54584,1
26240,1
11531,1
52801,1
58680,1
5016,1
63861,1
34595,1
65496,1
71062,1
27006,1
71448,1
22426,1
69838,1
69076,1
22352,1
16559,1
59784,1
37463,1
31706,1
60545,1
49850,1
68801,1
35963,1
3141,1
11281,1
34910,1
26284,1
39737,1
53135,1
48419,1
52257,1
68539,1
46740,1
58178,1
20029,1
43611,1
56292,1
39079,1
19779,1
56167,1
64291,1
12631,1
36283,1
69866,1
55697,1
50668,1
31621,1
4590,1
2232,1
24739,1
21424,1
8748,1
25050,1
43822,1
70901,1
14046,1
3047,1
46747,1
74,1
21796,1
25841,1
11997,1
64400,1
9274,1
57291,1
37252,1
14236,1
70132,1
54901,1
63207,1
4275,1
15786,1
45691,1
55131,1
20142,1
10232,1
51854,1
58951,1
40970,1
65284,1
20467,1
65650,1
28155,1
25151,1
13503,1
64152,1
37110,1
46932,1
30043,1
53513,1
21728,1
29282,1
52908,1
11229,1
30215,1
49140,1
52132,1
36187,1
19165,1
27680,1
37770,1
12060,1
35804,1
19670,1
30577,1
51574,1
34071,1
6802,1
65836,1
15069,1
21033,1
28281,1
69614,1
54280,1
48567,1
32564,1
55324,1
58472,1
44191,1
43789,1
795,1
65030,1
34998,1
24101,1
19792,1
38890,1
68325,1
27237,1
2142,1
4972,1
65460,1
37172,1
21401,1
22732,1
65881,1
68776,1
1782,1
38405,1
16776,1
12489,1
60704,1
52468,1
23841,1
177,1
56169,1
20498,1
6358,1
22550,1
38591,1
42223,1
69540,1
53266,1
26374,1
19974,1
11664,1
65000,1
38946,1
3502,1
46126,1
28915,1
57551,1
61703,1
4702,1
63711,1
46632,1
43516,1
15888,1
39022,1
70086,1
32817,1
6412,1
14455,1
62827,1
67478,1
17120,1
58528,1
62982,1
4785,1
14697,1
26382,1
6800,1
52428,1
69344,1
21065,1
9365,1
6,1
52819,1
53077,1
66988,1
65563,1
36282,1
59282,1
59913,1
65883,1
7185,1
28919,1
45717,1
29243,1
53002,1
43072,1
20925,1
11954,1
29322,1
63113,1
32623,1
71771,1
24911,1
11576,1
15715,1
66801,1
28710,1
34256,1
25837,1
42990,1
38042,1
63713,1
3195,1
27454,1
59925,1
54874,1
21087,1
26573,1
43527,1
71545,1
26728,1
63179,1
48391,1
57395,1
690,1
24938,1
49654,1
67197,1
39480,1
37874,1
11092,1
67710,1
18540,1
10657,1
63291,1
3598,1
36206,1
2813,1
7307,1
13063,1
13202,1
23378,1
69410,1
31547,1
71474,1
58871,1
27995,1
28955,1
39510,1
23491,1
33213,1
19846,1
3433,1
28246,1
66258,1
54469,1
63624,1
45318,1
14252,1
16235,1
45129,1
46901,1
71020,1
20125,1
55818,1
3516,1
67863,1
44048,1
4129,1
2309,1
69864,1
22541,1
13722,1
13805,1
14662,1
4526,1
65791,1
3855,1
54852,1
53640,1
30326,1
48665,1
57039,1
41567,1
33766,1
9173,1
48575,1
7494,1
22846,1
19775,1
70895,1
10457,1
45368,1
37561,1
66377,1
43139,1
10097,1
36459,1
94,1
17876,1
50128,1
33595,1
20703,1
66812,1
29400,1
22019,1
16411,1
20773,1
29225,1
8194,1
53249,1
1219,1
62550,1
18226,1
41922,1
18161,1
69927,1
55815,1
35623,1
1000,1
71920,1
52637,1
10356,1
11746,1
13730,1
61061,1
50576,1
10647,1
12069,1
42387,1
40781,1
27143,1
62674,1
39885,1
70662,1
50769,1
21002,1
29041,1
70545,1
12374,1
8829,1
53350,1
17398,1
63287,1
45090,1
58209,1
1950,1
38906,1
50529,1
6808,1
28322,1
61689,1
53483,1
21531,1
24688,1
66791,1
16520,1
35407,1
52744,1
559,1
5372,1
36415,1
52612,1
19909,1
52767,1
15534,1
52403,1
68054,1
43765,1
23721,1
41780,1
59506,1
39340,1
9077,1
42744,1
24819,1
10031,1
46116,1
11696,1
25924,1
672,1
44372,1
3987,1
40747,1
49415,1
4392,1
15464,1
60768,1
39698,1
46198,1
45892,1
9149,1
35796,1
35496,1
62643,1
2622,1
3153,1
39701,1
27494,1
45238,1
22227,1
27371,1
45907,1
40097,1
65899,1
36903,1
27211,1
21342,1
39825,1
56939,1
48219,1
49252,1
4356,1
7798,1
15807,1
457,1
16631,1
55525,1
36559,1
3936,1
59946,1
67936,1
46234,1
70340,1
42149,1
26110,1
43808,1
37589,1
42344,1
27082,1
38794,1
42389,1
48562,1
46507,1
47337,1
14264,1
43854,1
46249,1
71878,1
6543,1
23358,1
63708,1
11623,1
29631,1
58717,1
18637,1
49674,1
12837,1
13905,1
55328,1
35490,1
7189,1
69852,1
69560,1
58363,1
38964,1
53630,1
60693,1
69467,1
60878,1
31893,1
13779,1
4514,1
1587,1
41303,1
42676,1
16805,1
19151,1
1413,1
37568,1
29525,1
51082,1
46128,1
72048,1
69695,1
39774,1
22961,1
2209,1
63032,1
711,1
44810,1
19722,1
21946,1
67436,1
44183,1
43647,1
52166,1
15596,1
17291,1
50685,1
3761,1
11025,1
35901,1
44386,1
37419,1
10615,1
68810,1
48025,1
30754,1
56387,1
63552,1
6088,1
64700,1
55101,1
12164,1
38185,1
12984,1
37915,1
39310,1
35013,1
66598,1
56039,1
46660,1
40883,1
12506,1
18012,1
35562,1
18432,1
3303,1
15017,1
43949,1
33871,1
7571,1
37265,1
36231,1
23076,1
4109,1
54410,1
6443,1
7385,1
24065,1
67906,1
5807,1
32218,1
16314,1
14352,1
23683,1
57001,1
30383,1
63091,1
12915,1
3240,1
8052,1
48215,1
30428,1
57698,1
5552,1
17184,1
26385,1
14884,1
9057,1
27543,1
40408,1
63632,1
7363,1
63397,1
34525,1
7286,1
14332,1
63606,1
43234,1
33296,1
27402,1
25831,1
65417,1
37566,1
6420,1
66412,1
1824,1
19436,1
20793,1
57318,1
22649,1
22932,1
70612,1
39751,1
40185,1
49744,1
40962,1
58291,1
16103,1
47450,1
42082,1
1202,1
1261,1
21701,1
2153,1
35847,1
18628,1
63442,1
35887,1
1003,1
43064,1
62335,1
34539,1
39121,1
67505,1
70843,1
28111,1
10394,1
22817,1
56952,1
30989,1
45963,1
40534,1
3999,1
23811,1
66415,1
57863,1
28304,1
20823,1
20184,1
18090,1
45975,1
59640,1
45273,1
61698,1
53493,1
67843,1
35798,1
25090,1
62130,1
17547,1
26531,1
47150,1
41200,1
48437,1
45364,1
6922,1
10011,1
21595,1
9013,1
27017,1
25866,1
52775,1
6602,1
20875,1
63178,1
43927,1
3524,1
25722,1
71779,1
20060,1
17057,1
25892,1
63836,1
17466,1
53428,1
16035,1
20756,1
52658,1
9676,1
45169,1
5110,1
52666,1
64665,1
12575,1
8399,1
51608,1
71842,1
58193,1
29922,1
18194,1
45321,1
54917,1
43305,1
3370,1
55180,1
58232,1
19965,1
37245,1
17315,1
40648,1
66210,1
48921,1
42059,1
13833,1
22260,1
35722,1
17551,1
42733,1
69775,1
2897,1
64957,1
19549,1
71526,1
71171,1
59509,1
50513,1
54402,1
65743,1
30531,1
51681,1
2490,1
30492,1
63678,1
52946,1
56117,1
32960,1
64642,1
38700,1
5444,1
54607,1
58852,1
19876,1
19221,1
33181,1
60780,1
50821,1
65343,1
68664,1
1348,1
70718,1
38171,1
59917,1
45439,1
41825,1
64473,1
24673,1
6002,1
9782,1
56649,1
71541,1
18149,1
65119,1
11846,1
22923,1
60829,1
17916,1
60685,1
44134,1
46980,1
41306,1
71865,1
16654,1
62873,1
29441,1
50783,1
28790,1
5498,1
27089,1
24893,1
986,1
3579,1
53117,1
33802,1
67614,1
58340,1
11294,1
5783,1
15139,1
33876,1
55958,1
11475,1
10586,1
44119,1
68084,1
57442,1
36259,1
24934,1
12429,1
53246,1
59491,1
67366,1
1688,1
59814,1
48725,1
41580,1
17652,1
4559,1
36002,1
7251,1
25826,1
14016,1
16563,1
34152,1
71832,1
6465,1
11854,1
68668,1
25176,1
22552,1
37489,1
67416,1
21608,1
2482,1
27617,1
12400,1
71812,1
36527,1
37631,1
25627,1
4291,1
38182,1
13078,1
13645,1
4675,1
38116,1
39072,1
58701,1
62048,1
54287,1
39152,1
22087,1
36157,1
19714,1
2912,1
34711,1
48238,1
71706,1
29861,1
7894,1
8915,1
397,1
58079,1
39208,1
58850,1
38352,1
65076,1
49964,1
1696,1
52573,1
4151,1
22832,1
46257,1
61003,1
77,1
71512,1
57351,1
41447,1
31812,1
42507,1
14036,1
32972,1
45665,1
9605,1
2451,1
17002,1
5411,1
56029,1
13133,1
61219,1
6972,1
12700,1
54086,1
37169,1
24767,1
53984,1
4926,1
16499,1
41535,1
64170,1
22196,1
49008,1
36703,1
37579,1
17005,1
5924,1
68354,1
26947,1
64203,1
61965,1
16010,1
60094,1
71798,1
6483,1
1867,1
66264,1
35056,1
9479,1
56168,1
23827,1
29647,1
42774,1
12191,1
27307,1
3371,1
35794,1
33989,1
8523,1
55838,1
35989,1
69064,1
1703,1
64826,1
10202,1
49266,1
656,1
58383,1
42888,1
43586,1
66353,1
57320,1
35005,1
29834,1
34238,1
47724,1
6241,1
58418,1
60499,1
7057,1
53141,1
35570,1
51867,1
3963,1
71934,1
57329,1
36011,1
4507,1
14130,1
51678,1
47268,1
47571,1
61174,1
1465,1
41136,1
18847,1
61402,1
46323,1
39268,1
70572,1
23438,1
69721,1
67510,1
13709,1
50562,1
17158,1
35964,1
25465,1
2430,1
61121,1
66170,1
27811,1
52219,1
15855,1
69509,1
15819,1
43474,1
39048,1
6136,1
67951,1
57749,1
45237,1
11749,1
71995,1
55965,1
34967,1
62898,1
17648,1
15224,1
44649,1
29071,1
69995,1
47836,1
16801,1
49487,1
20288,1
57032,1
45001,1
44929,1
65678,1
14420,1
7481,1
10035,1
59906,1
1585,1
24400,1
55072,1
18986,1
29629,1
11121,1
58283,1
30474,1
23919,1
2274,1
8532,1
23589,1
69772,1
45933,1
9691,1
14729,1
65094,1
27453,1
31285,1
21846,1
65035,1
22810,1
4786,1
40562,1
680,1
27354,1
58912,1
22347,1
24592,1
48744,1
9814,1
14441,1
31082,1
71682,1
13216,1
10762,1
27537,1
48036,1
65960,1
23034,1
39508,1
25935,1
13646,1
24369,1
71780,1
40341,1
34507,1
2237,1
61533,1
12659,1
47013,1
34603,1
27832,1
21993,1
12086,1
68712,1
18605,1
62960,1
47436,1
65018,1
50907,1
48623,1
63348,1
52033,1
14260,1
14832,1
176,1
8529,1
22331,1
24478,1
69395,1
60135,1
40407,1
40447,1
6535,1
55414,1
39180,1
65994,1
22529,1
14567,1
14374,1
41430,1
12226,1
2308,1
62203,1
22704,1
15440,1
35305,1
69939,1
13481,1
45893,1
44787,1
31546,1
57783,1
39661,1
21037,1
39166,1
37354,1
23614,1
27385,1
57375,1
54754,1
59652,1
60464,1
26917,1
15071,1
20151,1
59755,1
37092,1
1074,1
28034,1
8707,1
41863,1
60801,1
11893,1
12315,1
16924,1
11419,1
55775,1
5982,1
69570,1
26506,1
72088,1
37553,1
25059,1
27541,1
6896,1
35039,1
39775,1
3624,1
30684,1
45766,1
45429,1
72010,1
26785,1
24890,1
46778,1
19736,1
52405,1
43063,1
33143,1
48880,1
59921,1
52671,1
43339,1
69741,1
17317,1
19688,1
6344,1
51615,1
57511,1
6111,1
9071,1
64736,1
6552,1
1964,1
18885,1
41413,1
9290,1
28417,1
66879,1
64293,1
4173,1
62055,1
26746,1
42285,1
4485,1
34926,1
51059,1
70291,1
24571,1
48194,1
57929,1
51558,1
50256,1
22861,1
6892,1
54139,1
2470,1
40764,1
31295,1
65188,1
34504,1
50467,1
31939,1
1247,1
47102,1
64888,1
22309,1
28286,1
71451,1
41692,1
63299,1
38609,1
9877,1
13571,1
9495,1
30458,1
72008,1
48365,1
8133,1
31015,1
60152,1
10132,1
29969,1
30648,1
19826,1
71372,1
70096,1
13256,1
57386,1
42740,1
3517,1
47371,1
61794,1
56401,1
27569,1
54187,1
39190,1
34638,1
39371,1
34263,1
13782,1
64549,1
16160,1
9349,1
46723,1
22167,1
51849,1
66525,1
45252,1
11670,1
3608,1
31936,1
24336,1
14157,1
40546,1
8196,1
34648,1
64928,1
35132,1
8598,1
39473,1
69313,1
12890,1
32280,1
68987,1
18220,1
42413,1
43153,1
38986,1
28611,1
10009,1
56160,1
46471,1
20659,1
4686,1
41420,1
47056,1
35333,1
71603,1
48082,1
57196,1
18921,1
7695,1
64604,1
14772,1
11062,1
62915,1
48848,1
11459,1
1667,1
23135,1
69827,1
1540,1
23756,1
56744,1
66229,1
6675,1
53772,1
64999,1
49926,1
31393,1
31543,1
43096,1
55140,1
63759,1
66201,1
7984,1
66411,1
9435,1
60837,1
30118,1
24111,1
55675,1
568,1
42765,1
8024,1
65874,1
50801,1
42252,1
29040,1
61439,1
5620,1
11569,1
34566,1
9439,1
23284,1
15434,1
54823,1
21510,1
64768,1
21193,1
29135,1
67526,1
5642,1
37222,1
36197,1
39927,1
32707,1
55827,1
30281,1
52385,1
39416,1
33812,1
53830,1
49226,1
14098,1
6470,1
8756,1
14349,1
23083,1
65208,1
14889,1
23087,1
24784,1
1830,1
64307,1
26202,1
49176,1
60864,1
40761,1
44447,1
2944,1
49947,1
31855,1
16592,1
8235,1
42033,1
2007,1
58421,1
60162,1
65250,1
12386,1
53771,1
4870,1
9446,1
54314,1
60781,1
2962,1
7701,1
30795,1
11902,1
28526,1
34470,1
9429,1
50146,1
10427,1
40394,1
1279,1
20134,1
31518,1
54622,1
49362,1
33634,1
4636,1
69821,1
38449,1
57090,1
45768,1
36266,1
14831,1
12401,1
57232,1
6653,1
36946,1
54962,1
24333,1
12283,1
9899,1
63574,1
11201,1
49241,1
62545,1
18077,1
41451,1
23584,1
2564,1
5887,1
1054,1
54158,1
1995,1
6595,1
19230,1
7634,1
53945,1
20555,1
32036,1
8932,1
40582,1
42132,1
38702,1
24117,1
51633,1
29280,1
45666,1
68237,1
40294,1
19104,1
8549,1
4985,1
70694,1
31810,1
21887,1
35090,1
2884,1
7049,1
49977,1
62156,1
62383,1
29405,1
6639,1
52472,1
70941,1
71115,1
67453,1
48538,1
63457,1
44070,1
33114,1
14266,1
67329,1
22928,1
62544,1
4340,1
11464,1
3527,1
36844,1
55448,1
12654,1
52994,1
28997,1
43943,1
7094,1
23581,1
71740,1
65445,1
16093,1
9400,1
58152,1
30193,1
56175,1
71726,1
57795,1
35221,1
60623,1
36970,1
10061,1
71150,1
1049,1
54096,1
984,1
68227,1
50511,1
3361,1
5953,1
18370,1
3843,1
29229,1
24079,1
6575,1
51805,1
15668,1
16189,1
39294,1
50689,1
60804,1
19355,1
16713,1
70058,1
11118,1
6982,1
47104,1
21215,1
24649,1
69916,1
39402,1
30313,1
37180,1
37541,1
858,1
7369,1
70001,1
4664,1
41776,1
26884,1
64567,1
13676,1
69844,1
52817,1
24083,1
4677,1
69722,1
56277,1
42284,1
16502,1
54072,1
55185,1
35893,1
19467,1
66242,1
59836,1
70736,1
37086,1
31184,1
46630,1
42066,1
50355,1
16874,1
62409,1
50386,1
30391,1
44266,1
17250,1
4044,1
46720,1
38444,1
59263,1
16755,1
39535,1
8903,1
11470,1
68167,1
22434,1
51618,1
56566,1
46522,1
67852,1
61983,1
59135,1
39449,1
37989,1
22093,1
63222,1
55932,1
47806,1
53292,1
72116,1
8095,1
21746,1
62759,1
5518,1
44417,1
11046,1
5625,1
64954,1
295,1
43520,1
23860,1
39886,1
59791,1
37491,1
15645,1
34783,1
22424,1
27304,1
18288,1
46065,1
25714,1
21536,1
18536,1
27360,1
64804,1
13425,1
53175,1
412,1
70330,1
50790,1
23338,1
37606,1
27347,1
67589,1
16849,1
4546,1
4869,1
28652,1
928,1
55494,1
52759,1
31425,1
4101,1
48249,1
20472,1
23752,1
56472,1
19295,1
17800,1
44593,1
55800,1
47626,1
59204,1
31788,1
47222,1
53036,1
70660,1
1591,1
66634,1
15131,1
24279,1
47234,1
46515,1
7200,1
33486,1
23989,1
9357,1
53228,1
61746,1
50325,1
61164,1
34663,1
7389,1
834,1
46983,1
26952,1
17936,1
14549,1
23286,1
19807,1
1549,1
5577,1
34709,1
11802,1
55995,1
50851,1
56893,1
22806,1
39469,1
39370,1
50260,1
64958,1
31244,1
6419,1
23775,1
56874,1
27455,1
17355,1
49847,1
14628,1
38925,1
66642,1
55681,1
28736,1
23840,1
31558,1
41700,1
56905,1
32275,1
12636,1
54693,1
7867,1
34730,1
27135,1
33103,1
22881,1
55875,1
42162,1
21689,1
27248,1
55069,1
43176,1
12092,1
34039,1
52105,1
5535,1
57025,1
5959,1
32084,1
37104,1
47342,1
57654,1
315,1
57541,1
58019,1
11197,1
4503,1
13519,1
38163,1
43245,1
50090,1
45989,1
66420,1
68023,1
51487,1
53472,1
34160,1
60193,1
2137,1
64811,1
66165,1
16667,1
63006,1
5108,1
59360,1
23047,1
22896,1
53386,1
56402,1
68983,1
32747,1
2540,1
65290,1
46823,1
71373,1
6310,1
37492,1
68005,1
38706,1
734,1
28377,1
56111,1
13488,1
17166,1
2833,1
43878,1
53926,1
14762,1
45016,1
33308,1
11883,1
24517,1
26357,1
61204,1
65350,1
40907,1
31997,1
55898,1
20516,1
20622,1
6275,1
60484,1
27491,1
1365,1
29790,1
59255,1
67880,1
2290,1
1398,1
62589,1
8578,1
60729,1
43606,1
6328,1
33004,1
55134,1
54822,1
43590,1
64105,1
70494,1
33145,1
30302,1
65575,1
47864,1
33220,1
60928,1
44039,1
67208,1
26025,1
64640,1
46930,1
52460,1
62689,1
32610,1
166,1
55645,1
54972,1
13549,1
15310,1
17152,1
16741,1
40155,1
5276,1
64352,1
51555,1
24072,1
18960,1
51375,1
25331,1
6731,1
67521,1
23308,1
71400,1
61165,1
24522,1
26850,1
49110,1
13206,1
60571,1
8568,1
49979,1
21737,1
30230,1
19677,1
23596,1
35848,1
32389,1
33458,1
70339,1
31733,1
69397,1
51406,1
7836,1
27332,1
23808,1
32082,1
18949,1
51352,1
23632,1
57075,1
28219,1
16462,1
46975,1
67615,1
58268,1
35231,1
43318,1
68392,1
5905,1
61803,1
70999,1
67293,1
59405,1
8551,1
58195,1
39326,1
38899,1
43976,1
29905,1
14572,1
40042,1
55123,1
48177,1
9799,1
6497,1
42080,1
52783,1
17453,1
726,1
344,1
48844,1
68877,1
8958,1
24836,1
39406,1
28531,1
65461,1
52355,1
51591,1
69770,1
65439,1
69252,1
8030,1
62316,1
17705,1
53795,1
65010,1
47478,1
2594,1
54363,1
67826,1
51081,1
19710,1
56255,1
56890,1
9191,1
70236,1
31590,1
24477,1
36090,1
66204,1
18651,1
55195,1
51891,1
7987,1
49180,1
38457,1
19623,1
63525,1
12061,1
49186,1
44548,1
62314,1
33899,1
50858,1
29219,1
47483,1
48612,1
57156,1
30814,1
55214,1
24596,1
1330,1
44891,1
36667,1
65451,1
71627,1
51702,1
70803,1
6110,1
29951,1
50523,1
719,1
66702,1
18671,1
30903,1
64334,1
67286,1
21624,1
24006,1
22774,1
41506,1
31219,1
59622,1
67712,1
25794,1
65264,1
4759,1
33694,1
60170,1
30856,1
34297,1
33446,1
18045,1
58064,1
15266,1
56432,1
63594,1
64819,1
23695,1
24286,1
2757,1
69650,1
29143,1
25453,1
64449,1
56163,1
54168,1
71401,1
62785,1
8423,1
63262,1
37994,1
22506,1
49978,1
48607,1
45069,1
64597,1
44801,1
45004,1
11815,1
23735,1
67734,1
17707,1
15025,1
12046,1
28565,1
40741,1
40405,1
4011,1
59681,1
66563,1
40968,1
31834,1
67735,1
67694,1
59742,1
61149,1
63491,1
70486,1
47518,1
59191,1
47370,1
48946,1
18787,1
23037,1
21760,1
64407,1
38147,1
66141,1
71767,1
31981,1
60891,1
13614,1
25057,1
2665,1
11427,1
38248,1
38972,1
23957,1
53934,1
28986,1
14366,1
59601,1
66512,1
29912,1
34733,1
37303,1
14522,1
50466,1
4758,1
33839,1
41647,1
6315,1
7295,1
39393,1
14633,1
47803,1
13257,1
63995,1
3901,1
30626,1
31820,1
70038,1
45295,1
30693,1
62432,1
19983,1
42682,1
42855,1
11315,1
71099,1
18767,1
32773,1
29940,1
3884,1
2325,1
29283,1
69678,1
40351,1
56309,1
14721,1
22364,1
64672,1
2335,1
5963,1
15982,1
63185,1
17568,1
11916,1
62517,1
39689,1
45483,1
13720,1
4312,1
38924,1
15167,1
33957,1
48398,1
46292,1
67913,1
4487,1
38121,1
15954,1
27691,1
26421,1
22010,1
14980,1
16316,1
9978,1
46220,1
38903,1
10017,1
12146,1
45200,1
25676,1
13538,1
39509,1
16621,1
20112,1
32889,1
64973,1
35332,1
62520,1
7155,1
24487,1
68946,1
2259,1
22218,1
60079,1
8730,1
20247,1
6378,1
3745,1
17352,1
70691,1
51412,1
163,1
19063,1
55887,1
49834,1
3216,1
59761,1
33285,1
26822,1
62290,1
56047,1
28431,1
37017,1
64984,1
63811,1
26112,1
53667,1
31055,1
52769,1
22667,1
58915,1
5744,1
38120,1
17993,1
72033,1
59239,1
39843,1
32313,1
42445,1
56755,1
64754,1
54028,1
14155,1
62985,1
66416,1
29705,1
65930,1
7875,1
25649,1
29700,1
45757,1
63341,1
48692,1
28146,1
16085,1
27643,1
50694,1
8309,1
10036,1
50193,1
63460,1
581,1
38312,1
44833,1
27030,1
18324,1
30746,1
39047,1
69893,1
17135,1
5070,1
46798,1
48536,1
10023,1
60389,1
64944,1
6956,1
33330,1
19608,1
19644,1
65043,1
70151,1
44175,1
44123,1
13242,1
50902,1
57598,1
15466,1
44291,1
21373,1
53866,1
63949,1
506,1
48472,1
14736,1
36473,1
31288,1
16814,1
39325,1
34214,1
598,1
22273,1
39441,1
48737,1
43440,1
52240,1
22849,1
21594,1
53780,1
60125,1
34414,1
48688,1
61441,1
27253,1
29859,1
18762,1
49117,1
20213,1
59369,1
44470,1
33579,1
58767,1
60947,1
23137,1
69280,1
39074,1
66648,1
49659,1
22406,1
14749,1
38385,1
65809,1
46100,1
54085,1
25925,1
58407,1
21088,1
38273,1
26282,1
28343,1
65851,1
57805,1
32283,1
11485,1
44480,1
66176,1
28076,1
71101,1
65664,1
12016,1
66016,1
27733,1
56987,1
6807,1
59956,1
35254,1
678,1
65426,1
23865,1
60224,1
8813,1
53931,1
17758,1
43211,1
57817,1
41133,1
35880,1
15184,1
58328,1
30682,1
64658,1
15052,1
30151,1
23421,1
2868,1
63920,1
65248,1
5399,1
17708,1
71644,1
67724,1
43610,1
54386,1
44334,1
51787,1
6209,1
38440,1
9128,1
52509,1
69900,1
19010,1
45971,1
8450,1
33165,1
4051,1
33582,1
71939,1
45780,1
32317,1
5830,1
30698,1
61369,1
24713,1
25819,1
5903,1
30747,1
2720,1
47833,1
48593,1
20951,1
16063,1
47227,1
17629,1
64758,1
34303,1
70810,1
62009,1
46071,1
42529,1
20640,1
16272,1
9754,1
47755,1
53197,1
47129,1
769,1
25840,1
44173,1
57425,1
6290,1
43941,1
22807,1
33441,1
49408,1
13638,1
11518,1
43239,1
20241,1
52438,1
28687,1
4645,1
46797,1
18394,1
35461,1
63510,1
67665,1
53769,1
62493,1
51286,1
61517,1
4784,1
684,1
4586,1
33007,1
2228,1
5365,1
36046,1
70759,1
40270,1
35303,1
69257,1
41046,1
813,1
50899,1
69659,1
65074,1
25267,1
68955,1
31372,1
1209,1
61545,1
16108,1
4125,1
70900,1
29045,1
59916,1
66431,1
12013,1
4357,1
53888,1
40024,1
26773,1
20254,1
11017,1
53522,1
55986,1
20175,1
51836,1
2399,1
43159,1
69310,1
35890,1
5184,1
61858,1
18345,1
54680,1
26201,1
33859,1
55102,1
65321,1
43766,1
2298,1
69025,1
7655,1
893,1
60136,1
67937,1
159,1
25365,1
32412,1
24866,1
40839,1
57809,1
42700,1
30454,1
50222,1
6684,1
10431,1
47454,1
39065,1
12259,1
61384,1
71851,1
27606,1
40547,1
11735,1
25932,1
3992,1
25188,1
17811,1
14169,1
2636,1
16202,1
47773,1
47650,1
15103,1
67479,1
6862,1
22007,1
40087,1
721,1
27916,1
27682,1
38384,1
67011,1
34739,1
1193,1
39610,1
25400,1
37699,1
63724,1
45048,1
48816,1
25984,1
21642,1
40644,1
24225,1
35107,1
4052,1
51625,1
18865,1
11321,1
33575,1
41967,1
52585,1
40067,1
56830,1
72050,1
71391,1
38633,1
36479,1
12070,1
70437,1
15734,1
706,1
35441,1
31539,1
15212,1
43446,1
14179,1
22763,1
72006,1
56838,1
14194,1
6563,1
57066,1
1095,1
47641,1
17859,1
39515,1
20144,1
64044,1
14422,1
71235,1
23706,1
15412,1
19594,1
30114,1
17796,1
58451,1
23857,1
23709,1
66623,1
48991,1
38103,1
48996,1
17634,1
22101,1
50045,1
6126,1
27311,1
16342,1
60087,1
36309,1
26265,1
37126,1
18241,1
48549,1
6395,1
37715,1
63088,1
63380,1
11510,1
39655,1
5728,1
28933,1
60165,1
19647,1
15800,1
14600,1
68769,1
24086,1
5809,1
3037,1
7030,1
56156,1
68917,1
29921,1
26260,1
68647,1
36140,1
38338,1
14459,1
68409,1
43794,1
15481,1
67256,1
28267,1
16206,1
42006,1
1030,1
53566,1
48137,1
35473,1
48933,1
33692,1
35586,1
51652,1
54240,1
18154,1
27298,1
49018,1
52834,1
37005,1
3295,1
41799,1
49151,1
26380,1
27799,1
52510,1
8244,1
68612,1
35433,1
25952,1
62563,1
64074,1
37356,1
53759,1
51831,1
27631,1
62632,1
20083,1
67877,1
50683,1
11986,1
12608,1
49948,1
36893,1
9407,1
13290,1
36822,1
33676,1
4066,1
67569,1
14495,1
37283,1
16690,1
63850,1
12694,1
64190,1
35693,1
36348,1
13109,1
42844,1
19552,1
60943,1
10437,1
51870,1
53453,1
1931,1
24736,1
59410,1
32106,1
33394,1
11065,1
4863,1
13765,1
3931,1
38701,1
51766,1
26088,1
46734,1
26313,1
29455,1
50869,1
21896,1
70741,1
43954,1
20628,1
69285,1
32995,1
44124,1
67809,1
62249,1
30434,1
1154,1
59334,1
64263,1
65222,1
38428,1
37650,1
18067,1
23861,1
24682,1
66688,1
51588,1
43938,1
64151,1
2305,1
23060,1
17212,1
32617,1
62300,1
69840,1
48310,1
24653,1
71139,1
10303,1
21670,1
36619,1
13023,1
3329,1
37304,1
62427,1
68873,1
49161,1
10820,1
26441,1
17607,1
22428,1
6726,1
16658,1
22381,1
11591,1
21972,1
59175,1
25546,1
71720,1
6308,1
21634,1
52965,1
2696,1
44696,1
41550,1
22521,1
51002,1
599,1
18969,1
53309,1
14981,1
6656,1
67363,1
69104,1
35438,1
5008,1
10293,1
7785,1
58007,1
71225,1
7859,1
46620,1
19252,1
16323,1
13018,1
14863,1
6636,1
61481,1
60275,1
56143,1
20887,1
38511,1
64501,1
69502,1
54967,1
26597,1
71453,1
2044,1
55936,1
54602,1
55399,1
25358,1
34738,1
26487,1
66059,1
15870,1
21073,1
56082,1
1584,1
57612,1
27824,1
418,1
29470,1
25613,1
8360,1
4187,1
463,1
35400,1
3651,1
5283,1
63924,1
5386,1
22013,1
52634,1
18574,1
70702,1
66567,1
54424,1
54747,1
60588,1
48883,1
19358,1
61382,1
69460,1
45561,1
50857,1
38723,1
38696,1
66795,1
14808,1
59928,1
5680,1
47718,1
7813,1
41644,1
57550,1
2915,1
3084,1
59508,1
43995,1
6217,1
61339,1
3061,1
5841,1
63635,1
56545,1
12187,1
57746,1
39570,1
20328,1
40778,1
60494,1
18270,1
60421,1
5376,1
25043,1
59633,1
26083,1
2306,1
17040,1
21592,1
57217,1
54166,1
34182,1
4654,1
25031,1
46564,1
57497,1
17095,1
58483,1
42245,1
59038,1
63014,1
11907,1
23418,1
4783,1
50919,1
18553,1
13027,1
4910,1
44377,1
59182,1
38461,1
21854,1
68210,1
53582,1
11343,1
37865,1
34494,1
1293,1
37377,1
56945,1
40876,1
56069,1
14804,1
71215,1
5136,1
52812,1
17482,1
40706,1
62699,1
46569,1
66189,1
60305,1
36562,1
39141,1
52175,1
2466,1
51263,1
55845,1
48098,1
45280,1
43503,1
30139,1
29711,1
48055,1
71954,1
2770,1
24425,1
37216,1
3934,1
50342,1
29121,1
24146,1
39982,1
15191,1
6506,1
38897,1
8135,1
33915,1
69956,1
56651,1
26925,1
39966,1
10268,1
22089,1
69019,1
11944,1
8425,1
14337,1
49011,1
15096,1
9343,1
65566,1
12968,1
13222,1
24853,1
1894,1
25112,1
50887,1
30711,1
33172,1
4811,1
53966,1
38334,1
18985,1
49261,1
62854,1
35113,1
43483,1
25761,1
39272,1
32574,1
18125,1
63845,1
46156,1
500,1
13177,1
18073,1
23832,1
3977,1
38168,1
44647,1
68803,1
50428,1
22813,1
21720,1
23210,1
11654,1
2293,1
64274,1
50660,1
62442,1
15050,1
5153,1
44676,1
42200,1
27020,1
61719,1
49879,1
47308,1
35424,1
19936,1
1473,1
11742,1
67541,1
49946,1
12736,1
59022,1
19453,1
54347,1
54638,1
25672,1
17528,1
59413,1
19251,1
32934,1
25386,1
41530,1
66428,1
63420,1
9658,1
57275,1
35944,1
41489,1
63257,1
23428,1
22118,1
66992,1
11667,1
21104,1
59268,1
30270,1
16403,1
16418,1
30335,1
49767,1
35976,1
53695,1
45432,1
28641,1
58432,1
5594,1
550,1
13115,1
52889,1
16991,1
16786,1
32184,1
35139,1
60654,1
1889,1
26298,1
7740,1
46594,1
29779,1
23605,1
10607,1
61931,1
38494,1
63488,1
31497,1
28079,1
60382,1
20655,1
63723,1
26539,1
20183,1
7438,1
21650,1
36597,1
1015,1
16318,1
32637,1
52821,1
70996,1
58539,1
20568,1
16881,1
29269,1
24915,1
55297,1
35555,1
21705,1
44717,1
34723,1
36067,1
46688,1
42762,1
4115,1
42155,1
41347,1
28158,1
32053,1
60023,1
4327,1
40323,1
13889,1
48386,1
22596,1
56592,1
23200,1
3217,1
71882,1
60313,1
17062,1
28564,1
71510,1
57930,1
50142,1
18509,1
18237,1
23543,1
50427,1
21015,1
23909,1
12484,1
35385,1
3897,1
59641,1
5259,1
11446,1
70773,1
32643,1
24931,1
62494,1
9230,1
66221,1
48295,1
17642,1
57269,1
43632,1
8718,1
66839,1
53273,1
27883,1
57947,1
19741,1
71845,1
57407,1
6756,1
54039,1
68573,1
37300,1
3478,1
5767,1
31290,1
21778,1
41407,1
7615,1
65420,1
15776,1
604,1
66681,1
70273,1
44305,1
64176,1
68220,1
54998,1
50265,1
6229,1
10750,1
9,1
36363,1
60682,1
5565,1
63005,1
40216,1
46117,1
37214,1
57038,1
71144,1
63576,1
66520,1
9522,1
32886,1
37757,1
46055,1
42782,1
7298,1
4226,1
68481,1
29490,1
47912,1
42810,1
68926,1
52099,1
22362,1
38408,1
10368,1
20507,1
38117,1
22113,1
15756,1
63087,1
68961,1
55770,1
44063,1
34335,1
11756,1
4002,1
2625,1
68849,1
69235,1
53903,1
61076,1
25440,1
21644,1
21688,1
48717,1
15036,1
63912,1
23149,1
19003,1
26999,1
20087,1
52565,1
56815,1
29184,1
14048,1
70960,1
14781,1
33628,1
16058,1
18964,1
20310,1
41965,1
42316,1
37352,1
41002,1
38607,1
25545,1
57862,1
31856,1
12943,1
10122,1
37778,1
37897,1
7284,1
48434,1
14529,1
62401,1
33079,1
12658,1
48046,1
6117,1
69403,1
53053,1
43890,1
48503,1
39252,1
12152,1
37815,1
45361,1
22148,1
53237,1
28596,1
39375,1
33515,1
68506,1
65713,1
64558,1
53942,1
32187,1
56131,1
66643,1
70733,1
3044,1
7881,1
11958,1
38994,1
46364,1
25886,1
70809,1
12396,1
71081,1
688,1
1654,1
28179,1
65681,1
48390,1
9580,1
14563,1
65882,1
47123,1
51987,1
47686,1
70275,1
11421,1
20024,1
32425,1
28830,1
35220,1
52638,1
33459,1
36589,1
59643,1
54767,1
30587,1
7670,1
21091,1
11806,1
42893,1
4538,1
30060,1
60197,1
67914,1
45794,1
21484,1
63585,1
42806,1
19645,1
3759,1
26671,1
4438,1
11647,1
13213,1
33563,1
39116,1
68438,1
14538,1
27711,1
10660,1
57006,1
37236,1
10018,1
4906,1
42567,1
51944,1
15979,1
21787,1
17870,1
50981,1
49244,1
5303,1
27125,1
62250,1
41095,1
62122,1
5017,1
22069,1
40486,1
30503,1
28242,1
11352,1
19589,1
13965,1
50986,1
36890,1
34081,1
34495,1
36655,1
28607,1
40141,1
13800,1
30145,1
60416,1
16006,1
25913,1
5499,1
21512,1
10182,1
37736,1
35486,1
10819,1
70144,1
50692,1
3810,1
31511,1
49530,1
10052,1
55702,1
67292,1
53860,1
47605,1
2061,1
68515,1
24766,1
67613,1
54093,1
16315,1
64337,1
38861,1
70723,1
9519,1
42468,1
45681,1
9370,1
24552,1
11775,1
41179,1
30781,1
44271,1
21888,1
16038,1
34660,1
56150,1
62750,1
25602,1
59535,1
19515,1
1671,1
32940,1
60218,1
19006,1
46534,1
63509,1
2423,1
33906,1
28118,1
59636,1
67928,1
21391,1
44351,1
40075,1
50364,1
31054,1
29384,1
15392,1
58830,1
12155,1
55733,1
7242,1
55502,1
13229,1
19684,1
57297,1
21021,1
44143,1
59033,1
69836,1
39528,1
56475,1
23114,1
43882,1
13288,1
69082,1
41788,1
68723,1
51266,1
9826,1
22908,1
18269,1
17522,1
24305,1
42675,1
39824,1
12519,1
8209,1
63831,1
2262,1
59361,1
17496,1
50982,1
27194,1
65095,1
63243,1
36840,1
16421,1
10728,1
35766,1
27036,1
38611,1
30985,1
16647,1
42412,1
49884,1
29350,1
19751,1
27703,1
27417,1
31533,1
19190,1
25777,1
31838,1
62840,1
44803,1
38345,1
19138,1
21480,1
44673,1
47163,1
68391,1
45150,1
4360,1
15905,1
10802,1
65562,1
46614,1
58469,1
51811,1
18804,1
61653,1
67430,1
53395,1
7681,1
16981,1
530,1
2358,1
41537,1
27810,1
26217,1
2080,1
69784,1
37963,1
24905,1
7459,1
25589,1
52614,1
4403,1
51954,1
31988,1
41985,1
46045,1
6085,1
60959,1
18362,1
1918,1
49442,1
4272,1
39669,1
3148,1
14110,1
24921,1
27563,1
37698,1
32585,1
8347,1
47971,1
50777,1
49106,1
49125,1
19729,1
5920,1
49864,1
20180,1
37786,1
18927,1
2882,1
7350,1
47026,1
16798,1
3321,1
32315,1
9059,1
50566,1
52202,1
40456,1
38864,1
41789,1
54483,1
15775,1
35807,1
70507,1
53617,1
51612,1
5863,1
39324,1
24033,1
3233,1
34401,1
65214,1
2693,1
66361,1
17476,1
15793,1
65106,1
45250,1
20318,1
6992,1
2880,1
22235,1
8815,1
39947,1
53616,1
28898,1
58191,1
2405,1
60972,1
40452,1
66980,1
14713,1
45624,1
67137,1
18357,1
10823,1
43964,1
19646,1
24158,1
48336,1
63613,1
52768,1
29162,1
56940,1
49431,1
21165,1
40588,1
51812,1
13746,1
31456,1
55024,1
41130,1
67815,1
5997,1
29878,1
1151,1
43079,1
19474,1
28042,1
49726,1
3735,1
25998,1
9575,1
17384,1
4210,1
27739,1
32029,1
37807,1
25319,1
53721,1
33834,1
4678,1
40010,1
28655,1
32828,1
7205,1
64562,1
33045,1
29346,1
26643,1
23522,1
46570,1
52013,1
65612,1
2732,1
49990,1
44246,1
31276,1
40368,1
70631,1
60657,1
24152,1
59787,1
35922,1
3637,1
48792,1
64972,1
38884,1
63792,1
12769,1
3123,1
17382,1
3021,1
24774,1
49172,1
8653,1
63848,1
5234,1
49763,1
53160,1
6519,1
41175,1
870,1
18025,1
40681,1
71494,1
1661,1
16990,1
68658,1
64570,1
32859,1
22241,1
58648,1
57164,1
15599,1
18673,1
27011,1
67705,1
28229,1
25051,1
5789,1
48945,1
18048,1
68626,1
48723,1
3162,1
49026,1
54272,1
20771,1
44234,1
58557,1
34662,1
2902,1
2851,1
16602,1
681,1
24913,1
42214,1
64535,1
6714,1
7429,1
47647,1
29706,1
69341,1
10536,1
19356,1
14883,1
60174,1
64670,1
193,1
68643,1
9184,1
67562,1
48087,1
8484,1
19988,1
64096,1
12582,1
44222,1
9706,1
13087,1
27144,1
23828,1
2362,1
33909,1
55635,1
19449,1
31990,1
49961,1
29059,1
12111,1
42757,1
14897,1
17273,1
31897,1
54263,1
9712,1
51103,1
71074,1
62561,1
41141,1
7321,1
67976,1
23542,1
1883,1
49395,1
41110,1
38792,1
13589,1
36694,1
61557,1
38272,1
18993,1
67106,1
40949,1
59007,1
58962,1
15858,1
2195,1
13695,1
66803,1
37268,1
6203,1
9653,1
43510,1
26483,1
55799,1
5443,1
50568,1
9119,1
28762,1
25306,1
14504,1
21998,1
56219,1
29393,1
41075,1
26339,1
68003,1
2631,1
40058,1
22866,1
3928,1
53792,1
57045,1
38437,1
52857,1
43187,1
70778,1
54653,1
50928,1
56866,1
20745,1
62448,1
8400,1
1556,1
6202,1
6949,1
57797,1
1044,1
39070,1
6856,1
66732,1
52724,1
8771,1
69673,1
47733,1
6942,1
38328,1
19750,1
24800,1
64413,1
65305,1
4637,1
19539,1
12998,1
18417,1
2821,1
61885,1
62634,1
36973,1
60993,1
39794,1
65295,1
2043,1
9820,1
44463,1
33502,1
10167,1
5582,1
6534,1
11260,1
17771,1
70825,1
4730,1
49207,1
69497,1
38992,1
16961,1
70290,1
56336,1
7178,1
1749,1
49785,1
26430,1
10792,1
68591,1
39651,1
32382,1
23139,1
53629,1
57314,1
36915,1
41683,1
31712,1
10780,1
20779,1
4346,1
69300,1
43364,1
15558,1
29757,1
36060,1
51748,1
21942,1
23386,1
49057,1
37384,1
3741,1
17240,1
49817,1
65910,1
69963,1
19862,1
30579,1
16984,1
22392,1
6468,1
30968,1
61613,1
15784,1
38765,1
61497,1
60483,1
7188,1
43506,1
31704,1
15365,1
47202,1
41176,1
64345,1
47722,1
3051,1
42715,1
4057,1
32335,1
27375,1
18948,1
71568,1
58602,1
59644,1
31333,1
57831,1
7428,1
56288,1
9772,1
65110,1
37762,1
66222,1
4134,1
43330,1
39519,1
27953,1
18757,1
2798,1
14100,1
7208,1
27319,1
56409,1
10126,1
62878,1
50549,1
68595,1
70801,1
11027,1
49811,1
63451,1
54667,1
4928,1
53469,1
32477,1
42442,1
54104,1
29650,1
28907,1
40612,1
52267,1
71709,1
47465,1
3541,1
38320,1
68827,1
23744,1
50472,1
20794,1
9986,1
35327,1
12244,1
26797,1
5131,1
57679,1
39273,1
52483,1
43994,1
12322,1
42859,1
56805,1
5996,1
52626,1
8799,1
57592,1
64325,1
59454,1
37859,1
33461,1
62951,1
63567,1
34985,1
23234,1
29513,1
6708,1
26206,1
2496,1
35227,1
58288,1
12378,1
48935,1
5563,1
29259,1
47581,1
19111,1
63665,1
4464,1
28240,1
31242,1
35294,1
42786,1
60922,1
15302,1
71927,1
51003,1
37424,1
20094,1
2185,1
69625,1
54477,1
59202,1
28300,1
60936,1
51937,1
47139,1
29223,1
26457,1
38485,1
59328,1
8749,1
66128,1
68823,1
66083,1
53112,1
34212,1
6674,1
21134,1
43137,1
52142,1
20261,1
70818,1
43723,1
56366,1
5126,1
13335,1
67116,1
49100,1
2804,1
5209,1
48261,1
3683,1
39856,1
38745,1
53425,1
59453,1
11111,1
44156,1
4938,1
20796,1
9633,1
557,1
6618,1
41452,1
31534,1
29883,1
49840,1
9544,1
71069,1
37746,1
64104,1
52441,1
49137,1
52131,1
60315,1
19508,1
35244,1
3349,1
41275,1
36223,1
33276,1
13966,1
44520,1
67996,1
65176,1
32814,1
33811,1
3112,1
2041,1
16513,1
60227,1
9166,1
5505,1
16955,1
32781,1
66022,1
53781,1
56476,1
40272,1
40997,1
35410,1
64822,1
5393,1
65414,1
54620,1
32579,1
52196,1
13064,1
23838,1
47052,1
9372,1
9021,1
13071,1
39801,1
32230,1
17665,1
61913,1
17754,1
67966,1
31891,1
18294,1
5812,1
30890,1
12816,1
28797,1
54460,1
49076,1
61705,1
1222,1
46306,1
9043,1
62026,1
12511,1
47403,1
36828,1
51084,1
23299,1
12002,1
70014,1
29373,1
1691,1
59215,1
50156,1
25978,1
27010,1
65771,1
53365,1
11616,1
14375,1
46312,1
9275,1
46235,1
36642,1
29295,1
46896,1
48508,1
58223,1
58747,1
850,1
4324,1
68216,1
3831,1
68126,1
42918,1
5647,1
51847,1
45147,1
6761,1
61494,1
29231,1
39545,1
4806,1
9025,1
14290,1
8885,1
35747,1
42359,1
35047,1
52806,1
21589,1
30782,1
71576,1
30070,1
47398,1
48463,1
7972,1
5551,1
71264,1
2329,1
25901,1
3554,1
914,1
29303,1
14810,1
9448,1
62657,1
40093,1
2459,1
69796,1
30794,1
59908,1
51920,1
33853,1
42068,1
40649,1
59874,1
7838,1
36982,1
63493,1
69279,1
18604,1
16725,1
6739,1
64920,1
55039,1
33943,1
24322,1
55969,1
38692,1
12113,1
34857,1
20557,1
12986,1
3237,1
35939,1
70781,1
15274,1
29077,1
41757,1
13607,1
54450,1
34090,1
8316,1
7887,1
38223,1
60236,1
32856,1
17775,1
43077,1
26518,1
18886,1
1992,1
66112,1
14138,1
67777,1
71304,1
21303,1
5601,1
10374,1
20732,1
1828,1
39688,1
54952,1
31080,1
65028,1
42688,1
14616,1
14075,1
4462,1
57194,1
22371,1
11254,1
19472,1
67180,1
18961,1
59952,1
63998,1
69051,1
48150,1
71919,1
26250,1
35750,1
6641,1
32831,1
64540,1
40003,1
44405,1
62474,1
29802,1
23652,1
8876,1
62601,1
37931,1
22540,1
7150,1
18272,1
37946,1
37388,1
40401,1
70500,1
69957,1
56577,1
42816,1
2312,1
68995,1
69163,1
3985,1
48981,1
54022,1
28941,1
7565,1
21075,1
15897,1
61904,1
12450,1
57463,1
5664,1
54744,1
12747,1
50914,1
23867,1
47529,1
67433,1
26317,1
24791,1
47166,1
62438,1
58987,1
54008,1
18917,1
31645,1
5762,1
44567,1
67702,1
63252,1
30408,1
62790,1
10894,1
24328,1
61523,1
58310,1
15288,1
18644,1
23637,1
15719,1
47294,1
55859,1
4090,1
27170,1
18833,1
51200,1
70527,1
8373,1
59037,1
13941,1
24228,1
54041,1
64061,1
46624,1
58799,1
9738,1
65655,1
60279,1
58493,1
513,1
19949,1
62411,1
42750,1
40699,1
39533,1
18352,1
22724,1
28121,1
70990,1
33672,1
28253,1
37719,1
26272,1
24756,1
14892,1
19195,1
6393,1
11630,1
54615,1
33680,1
24785,1
16014,1
52465,1
20234,1
22735,1
28348,1
66836,1
69594,1
30294,1
68931,1
64767,1
69556,1
60639,1
20170,1
29391,1
31691,1
60219,1
28041,1
13718,1
22523,1
16392,1
69644,1
71173,1
37617,1
9869,1
45082,1
17354,1
27502,1
14743,1
45499,1
68490,1
52635,1
40798,1
30997,1
60709,1
36098,1
26968,1
462,1
13958,1
67385,1
12176,1
6585,1
68584,1
35988,1
41554,1
48397,1
32718,1
61577,1
54114,1
36670,1
5821,1
58069,1
27260,1
16887,1
57282,1
63484,1
8856,1
28412,1
65358,1
46226,1
16971,1
17687,1
41330,1
33792,1
63787,1
19904,1
24808,1
52455,1
48408,1
44014,1
14634,1
42281,1
49429,1
43565,1
2559,1
69126,1
51765,1
61233,1
59684,1
5118,1
63610,1
59106,1
11024,1
17056,1
66759,1
47185,1
46005,1
65858,1
832,1
46865,1
58612,1
40943,1
59471,1
31246,1
9226,1
69287,1
44972,1
36169,1
38553,1
39248,1
18130,1
17907,1
20308,1
22086,1
45065,1
9386,1
29387,1
10995,1
47382,1
3885,1
44428,1
48711,1
19285,1
23953,1
38913,1
40471,1
65479,1
7810,1
39455,1
58672,1
70283,1
46946,1
12145,1
64207,1
3179,1
31311,1
27957,1
59322,1
32810,1
25608,1
14886,1
68483,1
27855,1
34188,1
64246,1
26389,1
27091,1
52083,1
35946,1
30117,1
36253,1
14355,1
67503,1
1808,1
18900,1
61435,1
65300,1
41684,1
36329,1
50228,1
28414,1
47172,1
28071,1
37455,1
16792,1
34658,1
30480,1
47077,1
19908,1
31502,1
46914,1
33046,1
42916,1
32026,1
13669,1
53199,1
51500,1
33925,1
30388,1
66827,1
51998,1
2869,1
36139,1
23258,1
71881,1
12178,1
39158,1
58184,1
44990,1
36517,1
29895,1
58865,1
54682,1
3399,1
39198,1
38556,1
45956,1
1544,1
18890,1
26692,1
9284,1
6502,1
36005,1
10554,1
728,1
64824,1
19601,1
50630,1
50719,1
10627,1
1765,1
47817,1
25076,1
22525,1
18361,1
70370,1
55864,1
16246,1
23656,1
22746,1
25134,1
5061,1
19586,1
39631,1
60599,1
47095,1
63209,1
42906,1
10711,1
41964,1
34977,1
36168,1
36573,1
8292,1
13826,1
69426,1
8354,1
54020,1
29256,1
17508,1
56845,1
27555,1
8680,1
31275,1
14020,1
36933,1
65751,1
41966,1
56040,1
31255,1
7852,1
4611,1
55849,1
24237,1
18303,1
59384,1
68798,1
70855,1
40110,1
67107,1
39855,1
64087,1
32750,1
28011,1
56205,1
38458,1
10472,1
10812,1
41278,1
50510,1
22494,1
61702,1
45189,1
25540,1
50577,1
67047,1
11426,1
28392,1
19499,1
9109,1
40255,1
57175,1
52276,1
7715,1
47969,1
43163,1
32760,1
52781,1
11172,1
26119,1
46278,1
39466,1
248,1
30725,1
18793,1
35596,1
61015,1
63148,1
48307,1
39001,1
18821,1
39431,1
4108,1
42280,1
63539,1
69894,1
4755,1
58615,1
21597,1
70415,1
29601,1
38937,1
4159,1
13339,1
69116,1
25857,1
69546,1
9126,1
66833,1
48126,1
49986,1
48119,1
35610,1
56817,1
49623,1
7252,1
38488,1
56180,1
5917,1
22004,1
62157,1
6228,1
401,1
50573,1
45706,1
37787,1
34450,1
71676,1
60319,1
7355,1
6103,1
4537,1
65767,1
47086,1
31464,1
68421,1
39664,1
54700,1
13436,1
22027,1
24648,1
8342,1
46210,1
5109,1
25136,1
51167,1
41000,1
8922,1
48040,1
21203,1
12276,1
2204,1
53575,1
66515,1
16124,1
67052,1
61331,1
41588,1
31065,1
17906,1
9918,1
38736,1
54046,1
46708,1
34916,1
8639,1
59113,1
7714,1
64160,1
36193,1
9862,1
32502,1
30466,1
62725,1
58596,1
6971,1
33599,1
48449,1
11132,1
67010,1
30908,1
24593,1
16217,1
30637,1
62918,1
61108,1
56024,1
46636,1
66135,1
25313,1
7912,1
3235,1
27844,1
14594,1
24822,1
24138,1
38640,1
65131,1
28848,1
35046,1
27646,1
71359,1
53964,1
14795,1
27548,1
18909,1
6812,1
10624,1
44308,1
11822,1
25161,1
68792,1
41635,1
6962,1
23674,1
24635,1
23005,1
62227,1
45161,1
70308,1
38931,1
14373,1
70939,1
16840,1
30198,1
15575,1
18039,1
773,1
62497,1
36147,1
57356,1
65415,1
63502,1
55060,1
60833,1
67091,1
30964,1
38724,1
14177,1
25017,1
62110,1
72085,1
48158,1
10966,1
41064,1
26931,1
45054,1
19127,1
38420,1
54862,1
26341,1
42992,1
15450,1
70109,1
6597,1
46682,1
47440,1
35742,1
14094,1
19443,1
62841,1
65816,1
42808,1
10923,1
17389,1
27422,1
19648,1
68692,1
44122,1
27018,1
8899,1
3353,1
34018,1
37622,1
12961,1
38047,1
51307,1
63764,1
18086,1
39718,1
17373,1
54038,1
14414,1
2181,1
37817,1
53038,1
30671,1
14920,1
52537,1
33404,1
27026,1
51416,1
39369,1
25558,1
52679,1
46970,1
29483,1
68053,1
21168,1
43725,1
66751,1
2539,1
51980,1
37944,1
19863,1
1948,1
29941,1
67350,1
7693,1
48769,1
62124,1
50367,1
3351,1
32323,1
39735,1
66560,1
25738,1
69550,1
1382,1
12846,1
8005,1
37960,1
39281,1
5698,1
64688,1
8099,1
830,1
8836,1
7038,1
63438,1
25371,1
58167,1
38300,1
64554,1
20881,1
12688,1
45475,1
24241,1
58046,1
7576,1
48559,1
67617,1
26538,1
14039,1
38842,1
54796,1
28856,1
34572,1
38178,1
8319,1
9445,1
51840,1
31274,1
448,1
21335,1
16579,1
4587,1
17259,1
65494,1
41969,1
45787,1
3693,1
41425,1
62165,1
36230,1
35268,1
72105,1
45076,1
31116,1
35686,1
13119,1
32403,1
38232,1
11316,1
56669,1
28893,1
15075,1
71153,1
18593,1
36905,1
23178,1
21281,1
52780,1
48997,1
43837,1
14136,1
48676,1
30564,1
7025,1
7164,1
71688,1
56931,1
15918,1
4447,1
9534,1
30396,1
34694,1
50087,1
11457,1
45796,1
34668,1
8651,1
52559,1
23061,1
7282,1
7510,1
36532,1
10988,1
15540,1
29277,1
7008,1
39125,1
11508,1
36051,1
53200,1
42803,1
49402,1
13981,1
5792,1
32290,1
44141,1
71775,1
6001,1
33332,1
66464,1
67138,1
8072,1
34779,1
66506,1
3594,1
66369,1
31902,1
3671,1
57858,1
50443,1
8556,1
61669,1
47421,1
14528,1
72094,1
34067,1
15544,1
39973,1
37892,1
52915,1
19447,1
40060,1
29085,1
65463,1
19370,1
28336,1
41544,1
50370,1
70794,1
27198,1
41216,1
63747,1
15583,1
11002,1
10332,1
21936,1
7196,1
53361,1
11291,1
2692,1
12088,1
65815,1
39068,1
66292,1
70633,1
5115,1
10543,1
3100,1
30168,1
58021,1
14027,1
28996,1
5072,1
24769,1
11748,1
52006,1
57894,1
24355,1
55935,1
47737,1
61199,1
40559,1
34918,1
57650,1
20051,1
32475,1
38221,1
10948,1
39811,1
24968,1
49063,1
5962,1
55055,1
35758,1
8107,1
385,1
20979,1
53798,1
13542,1
7656,1
67024,1
55964,1
35492,1
36827,1
12970,1
43016,1
40543,1
41741,1
18046,1
2387,1
70028,1
34206,1
48212,1
43156,1
62483,1
8049,1
38826,1
26491,1
10093,1
6844,1
50645,1
30395,1
49760,1
39200,1
41082,1
27149,1
17463,1
48806,1
66721,1
26140,1
39736,1
70878,1
12433,1
41081,1
14545,1
62614,1
25821,1
29299,1
57394,1
4817,1
322,1
16480,1
9104,1
68958,1
64255,1
14714,1
35455,1
49820,1
54628,1
68525,1
8871,1
22125,1
43087,1
36892,1
23783,1
12871,1
25773,1
66748,1
19520,1
25002,1
33020,1
20220,1
46455,1
31823,1
66664,1
30976,1
50674,1
6967,1
36274,1
16311,1
31728,1
55550,1
55809,1
62559,1
27227,1
32782,1
39711,1
36450,1
32931,1
69542,1
23155,1
20136,1
63221,1
10754,1
70471,1
43023,1
16470,1
34216,1
44913,1
11307,1
33150,1
54121,1
16903,1
59094,1
42122,1
14621,1
31233,1
13628,1
15898,1
42736,1
9541,1
63163,1
60055,1
26799,1
72093,1
51241,1
19035,1
28067,1
24048,1
2070,1
67501,1
37380,1
64315,1
7753,1
69926,1
36218,1
44535,1
16858,1
15271,1
29687,1
42595,1
4577,1
45225,1
25084,1
9842,1
42868,1
31933,1
36033,1
63107,1
23121,1
70683,1
42139,1
10227,1
56460,1
32237,1
68882,1
72095,1
8854,1
57917,1
24221,1
46180,1
27346,1
9380,1
25257,1
68424,1
44468,1
18984,1
13849,1
18359,1
34936,1
42525,1
57042,1
32745,1
58860,1
45926,1
40610,1
4030,1
20886,1
17700,1
25297,1
32484,1
21963,1
67581,1
69924,1
15566,1
11221,1
12535,1
6757,1
13929,1
44076,1
59327,1
50756,1
28901,1
39003,1
60447,1
22790,1
32442,1
12655,1
3204,1
11267,1
68811,1
12376,1
29954,1
14605,1
49543,1
15771,1
4424,1
20935,1
62214,1
65107,1
45412,1
5827,1
6625,1
8508,1
1432,1
70752,1
4474,1
31428,1
411,1
16216,1
11689,1
44784,1
18881,1
46791,1
28761,1
70493,1
37157,1
27024,1
68710,1
17857,1
44906,1
66407,1
57725,1
53241,1
54111,1
41927,1
20656,1
25910,1
14533,1
38417,1
3210,1
1389,1
32179,1
21179,1
37305,1
10915,1
27003,1
10824,1
43324,1
24313,1
7526,1
30881,1
10974,1
31232,1
29561,1
11399,1
19034,1
48714,1
60397,1
35581,1
29506,1
67457,1
67590,1
11015,1
29017,1
17113,1
36945,1
51477,1
50499,1
39733,1
22669,1
27562,1
58633,1
71023,1
52792,1
34084,1
41092,1
62792,1
61929,1
68291,1
57471,1
13397,1
35413,1
61701,1
31906,1
42202,1
65122,1
57594,1
59217,1
41710,1
41768,1
41817,1
41839,1
41845,1
41862,1
41899,1
41952,1
42005,1
42015,1
42086,1
42145,1
42219,1
42244,1
42249,1
42256,1
42342,1
42381,1
42414,1
42435,1
42492,1
42493,1
42543,1
42602,1
42622,1
42638,1
42683,1
42735,1
42780,1
42936,1
42966,1
42981,1
43025,1
43050,1
43083,1
43113,1
43128,1
43141,1
43174,1
43260,1
43281,1
43383,1
43413,1
43434,1
43466,1
43486,1
43515,1
43518,1
43532,1
43536,1
43569,1
43585,1
43612,1
43635,1
43653,1
43668,1
43740,1
43769,1
43819,1
43840,1
43869,1
43896,1
43932,1
43998,1
44010,1
44021,1
44043,1
44060,1
44086,1
44087,1
44149,1
44157,1
44189,1
44216,1
44217,1
44245,1
44301,1
44313,1
44319,1
44358,1
44383,1
44418,1
44422,1
44573,1
44599,1
44634,1
44640,1
44670,1
44685,1
44705,1
44712,1
44739,1
44785,1
44797,1
44829,1
44847,1
44896,1
44930,1
44946,1
45010,1
45078,1
45125,1
45132,1
45208,1
45218,1
45256,1
45257,1
45308,1
45323,1
45330,1
45382,1
45397,1
45436,1
45487,1
45493,1
45623,1
45627,1
45694,1
45707,1
45763,1
45775,1
45785,1
45847,1
45860,1
45918,1
45941,1
45954,1
45955,1
45961,1
46031,1
46034,1
46124,1
46177,1
46187,1
46269,1
46303,1
46318,1
46356,1
46388,1
46424,1
46438,1
46473,1
46536,1
46542,1
46552,1
46554,1
46607,1
46690,1
46736,1
46756,1
46781,1
46909,1
46968,1
46982,1
46988,1
47000,1
47022,1
47046,1
47057,1
47061,1
47078,1
47098,1
47196,1
47206,1
47239,1
47247,1
47264,1
47281,1
47303,1
47309,1
47311,1
47329,1
47381,1
47452,1
47521,1
47525,1
47545,1
47573,1
47583,1
47603,1
47634,1
47672,1
47681,1
47684,1
47709,1
47717,1
47748,1
47757,1
47759,1
47763,1
47846,1
47851,1
47874,1
47915,1
47932,1
47942,1
47952,1
47959,1
48002,1
48006,1
48047,1
48051,1
48075,1
48078,1
48080,1
48105,1
48109,1
48110,1
48112,1
48125,1
48155,1
48197,1
48206,1
48254,1
48315,1
48316,1
48320,1
48334,1
48387,1
48525,1
48527,1
48586,1
48589,1
48625,1
48631,1
48637,1
48641,1
48668,1
48669,1
48734,1
48743,1
48751,1
48770,1
48807,1
48818,1
48820,1
48823,1
48963,1
49007,1
49009,1
49122,1
49138,1
49160,1
49230,1
49236,1
49247,1
49305,1
49386,1
49421,1
49424,1
49428,1
49519,1
49569,1
49601,1
49619,1
49620,1
49625,1
49645,1
49651,1
49678,1
49731,1
49732,1
49778,1
49780,1
49810,1
49844,1
49871,1
49912,1
49917,1
49920,1
49922,1
50009,1
50017,1
50051,1
50064,1
50071,1
50102,1
50121,1
50198,1
50341,1
50419,1
50429,1
50481,1
50483,1
50493,1
50514,1
50635,1
50652,1
50695,1
50703,1
50715,1
50716,1
50744,1
50746,1
50760,1
50867,1
50906,1
50912,1
50931,1
50954,1
51025,1
51049,1
51056,1
51072,1
51104,1
51143,1
51145,1
51208,1
51213,1
51216,1
51243,1
51262,1
51280,1
51337,1
51340,1
51344,1
51345,1
51357,1
51360,1
51389,1
51402,1
51427,1
51443,1
51461,1
51627,1
51628,1
51711,1
51712,1
51716,1
51734,1
51775,1
51779,1
51798,1
51808,1
51821,1
51859,1
51861,1
51881,1
51900,1
51909,1
51915,1
51923,1
51928,1
51976,1
52001,1
52020,1
52035,1
52045,1
52047,1
52057,1
52138,1
52162,1
52233,1
52282,1
52372,1
52378,1
52408,1
52446,1
52478,1
52546,1
52564,1
52578,1
52589,1
52602,1
52606,1
52660,1
52675,1
52693,1
52703,1
52716,1
52815,1
52900,1
52924,1
52952,1
52999,1
53039,1
53079,1
53082,1
53090,1
53146,1
53254,1
53295,1
53321,1
53335,1
53430,1
53499,1
53505,1
53553,1
53568,1
53587,1
53680,1
53702,1
53751,1
53755,1
53761,1
53794,1
53810,1
53819,1
53893,1
53910,1
53929,1
53962,1
54013,1
54050,1
54123,1
54129,1
54133,1
54169,1
54246,1
54284,1
54323,1
54380,1
54385,1
54388,1
54409,1
54520,1
54535,1
54536,1
54541,1
54545,1
54558,1
54573,1
54601,1
54605,1
54610,1
54661,1
54665,1
54729,1
54735,1
54762,1
54763,1
54854,1
54895,1
54904,1
54933,1
54936,1
54992,1
55076,1
55144,1
55149,1
55164,1
55276,1
55281,1
55371,1
55393,1
55416,1
55431,1
55458,1
55464,1
55477,1
55489,1
55532,1
55536,1
55578,1
55615,1
55623,1
55671,1
55701,1
55704,1
55708,1
55751,1
55787,1
55804,1
55823,1
55977,1
55988,1
56008,1
56053,1
56064,1
56114,1
56187,1
56223,1
56258,1
56307,1
56355,1
56357,1
56362,1
56364,1
56379,1
56406,1
56462,1
56496,1
56515,1
56532,1
56534,1
56575,1
56603,1
56636,1
56655,1
56690,1
56705,1
56725,1
56737,1
56745,1
56756,1
56757,1
56768,1
56829,1
56848,1
56850,1
56942,1
56947,1
57041,1
57063,1
57064,1
57071,1
57093,1
57159,1
57260,1
57292,1
57295,1
57298,1
57308,1
57327,1
57390,1
57430,1
57448,1
57496,1
57512,1
57515,1
57522,1
57538,1
57567,1
57574,1
57579,1
57657,1
57728,1
57738,1
57782,1
57787,1
57806,1
57810,1
57836,1
57951,1
58006,1
58017,1
58024,1
58032,1
58048,1
58110,1
58175,1
58219,1
58320,1
58325,1
58331,1
58341,1
58394,1
58399,1
58428,1
58446,1
58470,1
58502,1
58519,1
58531,1
58584,1
58636,1
58638,1
58650,1
58682,1
58689,1
58715,1
58743,1
58773,1
58823,1
58845,1
58881,1
58901,1
58932,1
58961,1
58964,1
58969,1
59020,1
59061,1
59075,1
59085,1
59124,1
59126,1
59144,1
59146,1
59157,1
59186,1
59194,1
59213,1
59242,1
59285,1
59298,1
59364,1
59389,1
59450,1
59463,1
59496,1
59583,1
59587,1
59599,1
59748,1
59751,1
59759,1
59772,1
59783,1
59803,1
59822,1
59840,1
59844,1
59855,1
59860,1
59872,1
59893,1
59910,1
59919,1
59922,1
60062,1
60081,1
60161,1
60175,1
60245,1
60248,1
60264,1
60308,1
60323,1
60346,1
60356,1
60375,1
60391,1
60474,1
60497,1
60555,1
60558,1
60644,1
60718,1
60740,1
60761,1
60842,1
60854,1
60906,1
60909,1
60938,1
61054,1
61128,1
61181,1
61191,1
61212,1
61223,1
61306,1
61342,1
61344,1
61361,1
61366,1
61385,1
61422,1
61454,1
61455,1
61459,1
61501,1
61565,1
61584,1
61593,1
61608,1
61635,1
61643,1
61685,1
61752,1
61761,1
61806,1
61807,1
61812,1
61822,1
61874,1
61886,1
61923,1
62028,1
62030,1
62093,1
62115,1
62178,1
62248,1
62398,1
62404,1
62407,1
62437,1
62443,1
62534,1
62565,1
62625,1
62626,1
62651,1
62654,1
62682,1
62690,1
62723,1
62730,1
62731,1
62736,1
62801,1
62875,1
62910,1
63092,1
63156,1
63175,1
63279,1
63325,1
63358,1
63363,1
63427,1
63482,1
63487,1
63558,1
63600,1
63697,1
63729,1
63777,1
63781,1
63788,1
63815,1
63851,1
63855,1
63877,1
63940,1
63985,1
64006,1
64059,1
64072,1
64192,1
64215,1
64231,1
64272,1
64281,1
64437,1
64476,1
64511,1
64521,1
64566,1
64588,1
64589,1
64621,1
64632,1
64650,1
64651,1
64677,1
64695,1
64715,1
64744,1
64755,1
64759,1
64794,1
64829,1
64853,1
64867,1
64873,1
64879,1
64899,1
64919,1
65029,1
65040,1
65047,1
65064,1
65079,1
65127,1
65139,1
65156,1
65175,1
65216,1
65262,1
65279,1
65293,1
65314,1
65320,1
65323,1
65371,1
65407,1
65525,1
65603,1
65674,1
65732,1
65779,1
65803,1
65847,1
65879,1
66004,1
66054,1
66067,1
66069,1
66117,1
66127,1
66138,1
66144,1
66161,1
66167,1
66249,1
66265,1
66284,1
66311,1
66363,1
66390,1
66478,1
66507,1
66534,1
66543,1
66550,1
66556,1
66564,1
66603,1
66703,1
66733,1
66844,1
66854,1
66876,1
66945,1
66947,1
66973,1
67001,1
67070,1
67098,1
67111,1
67135,1
67148,1
67270,1
67272,1
67302,1
67325,1
67346,1
67373,1
67401,1
67414,1
67439,1
67572,1
67577,1
67633,1
67675,1
67695,1
67698,1
67714,1
67762,1
67766,1
67773,1
67783,1
67831,1
67853,1
67874,1
67879,1
67886,1
67929,1
67965,1
67984,1
68021,1
68070,1
68121,1
68140,1
68178,1
68198,1
68267,1
68269,1
68307,1
68322,1
68382,1
68397,1
68398,1
68442,1
68450,1
68473,1
68486,1
68526,1
68529,1
68535,1
68546,1
68568,1
68571,1
68632,1
68653,1
68691,1
68701,1
68741,1
68751,1
68766,1
68793,1
68804,1
68815,1
68872,1
68892,1
68956,1
68960,1
69040,1
69101,1
69110,1
69123,1
69184,1
69203,1
69221,1
69333,1
69375,1
69383,1
69402,1
69446,1
69488,1
69523,1
69529,1
69557,1
69584,1
69637,1
69645,1
69657,1
69661,1
69735,1
69766,1
69774,1
69790,1
69800,1
69825,1
69842,1
69911,1
69920,1
69948,1
70011,1
70081,1
70105,1
70128,1
70148,1
70200,1
70223,1
70266,1
70326,1
70333,1
70336,1
70375,1
70405,1
70434,1
70515,1
70525,1
70594,1
70601,1
70697,1
70849,1
70874,1
70880,1
70907,1
70947,1
70984,1
71042,1
71082,1
71110,1
71154,1
71181,1
71182,1
71206,1
71226,1
71289,1
71472,1
71495,1
71500,1
71513,1
71522,1
71532,1
71557,1
71577,1
71582,1
71587,1
71604,1
71624,1
71635,1
71685,1
71703,1
71773,1
71774,1
71776,1
71786,1
71791,1
71793,1
71831,1
71955,1
72017,1
72018,1
72032,1
72083,1
72096,1
47662,1
48210,1
51848,1
58206,1
52373,1
44687,1
49669,1
51052,1
4406,1
47096,1
28512,1
36130,1
27659,1
2865,1
71312,1
71974,1
12605,1
9572,1
56399,1
26832,1
62548,1
41819,1
27749,1
44777,1
71675,1
53610,1
63271,1
58459,1
40540,1
28563,1
13179,1
14500,1
42305,1
51768,1
60301,1
10783,1
48102,1
20054,1
51132,1
13224,1
28430,1
46706,1
14940,1
66187,1
58877,1
66302,1
53990,1
64017,1
22943,1
49529,1
4463,1
55293,1
19115,1
13677,1
48066,1
297,1
6455,1
36021,1
45,1
30308,1
10788,1
8940,1
4515,1
7652,1
28126,1
18771,1
63314,1
28360,1
16540,1
8606,1
54379,1
20828,1
7789,1
33317,1
41994,1
71294,1
3167,1
62118,1
37844,1
59971,1
6080,1
65710,1
48530,1
23295,1
33577,1
32260,1
45656,1
40654,1
42704,1
59709,1
56073,1
41812,1
601,1
20889,1
14273,1
24202,1
37993,1
47622,1
12544,1
52280,1
71441,1
3623,1
20518,1
15154,1
24923,1
57357,1
9233,1
32411,1
66752,1
26971,1
13610,1
33313,1
4116,1
9381,1
39995,1
52954,1
49278,1
38661,1
46676,1
8323,1
32731,1
1578,1
9177,1
68377,1
51682,1
29104,1
42370,1
53681,1
66450,1
10269,1
35816,1
1060,1
67157,1
13687,1
25600,1
3954,1
10245,1
53496,1
63762,1
41012,1
2383,1
36240,1
48462,1
2885,1
8264,1
56049,1
6038,1
67209,1
34333,1
33627,1
55465,1
22520,1
13926,1
30301,1
62187,1
50989,1
18080,1
59102,1
2965,1
33315,1
55044,1
61387,1
49611,1
68016,1
54295,1
67083,1
7213,1
22370,1
1170,1
53631,1
6441,1
424,1
40880,1
10353,1
16356,1
27994,1
32710,1
17265,1
69091,1
64175,1
31231,1
60703,1
24253,1
3763,1
44812,1
15947,1
60221,1
53849,1
10768,1
6037,1
51593,1
67604,1
43201,1
6983,1
72123,1
24332,1
16288,1
33202,1
28059,1
55565,1
69563,1
69081,1
47734,1
60192,1
66418,1
9207,1
56863,1
67533,1
50264,1
67939,1
18679,1
6287,1
26188,1
67120,1
27482,1
68737,1
47348,1
60001,1
3749,1
67477,1
40581,1
22858,1
61280,1
56654,1
52113,1
67912,1
45718,1
13374,1
8617,1
59523,1
68029,1
38475,1
26147,1
50024,1
3447,1
10572,1
29458,1
11219,1
25712,1
49853,1
44746,1
32974,1
42400,1
66979,1
65501,1
30050,1
39759,1
63230,1
53859,1
43265,1
46958,1
27868,1
14176,1
30271,1
71681,1
41597,1
27427,1
57368,1
54416,1
9884,1
64507,1
45869,1
53375,1
67370,1
42416,1
2855,1
21148,1
47097,1
55748,1
20297,1
16134,1
32099,1
58571,1
43922,1
24183,1
39358,1
49079,1
37777,1
19576,1
47553,1
49291,1
65657,1
33764,1
25752,1
4539,1
44724,1
61661,1
65559,1
5262,1
53419,1
27517,1
33149,1
40847,1
25466,1
61551,1
38058,1
5142,1
7288,1
28742,1
9441,1
62938,1
61745,1
71711,1
22187,1
24133,1
37010,1
5818,1
52530,1
54403,1
43974,1
57056,1
71819,1
8849,1
62327,1
29892,1
66850,1
22936,1
14149,1
66738,1
45113,1
70125,1
70130,1
22394,1
22718,1
13943,1
2143,1
43389,1
62282,1
43750,1
54641,1
48826,1
64603,1
51838,1
8747,1
57720,1
50827,1
10211,1
61988,1
37716,1
17713,1
23058,1
69270,1
38381,1
33283,1
2647,1
27720,1
71847,1
30734,1
65725,1
395,1
57545,1
6476,1
34883,1
38896,1
28080,1
57385,1
32487,1
3869,1
64705,1
15822,1
55420,1
2485,1
19872,1
59313,1
51996,1
47564,1
12619,1
66205,1
1822,1
57505,1
27164,1
9556,1
39069,1
26488,1
53504,1
2992,1
58577,1
62990,1
37711,1
60619,1
50402,1
51009,1
69289,1
9573,1
25548,1
38518,1
52255,1
15417,1
56078,1
2014,1
33052,1
13835,1
23237,1
30491,1
71273,1
49147,1
67954,1
18246,1
25987,1
55011,1
41746,1
52357,1
50539,1
38015,1
53366,1
61834,1
46730,1
19705,1
41070,1
9352,1
67049,1
6617,1
26216,1
40000,1
69850,1
10927,1
54078,1
63784,1
70807,1
43014,1
16614,1
7166,1
26180,1
59395,1
16139,1
64716,1
17898,1
30406,1
12507,1
44669,1
31448,1
53580,1
32267,1
45448,1
64619,1
21264,1
2533,1
54497,1
61538,1
4450,1
24630,1
20695,1
60825,1
17640,1
57401,1
46617,1
17622,1
774,1
29746,1
15244,1
15636,1
51349,1
71410,1
45920,1
63337,1
57079,1
17320,1
1059,1
69566,1
8647,1
25387,1
15445,1
55883,1
56146,1
54103,1
34996,1
23561,1
2584,1
13505,1
71593,1
41702,1
14890,1
19306,1
1959,1
47156,1
9983,1
65506,1
8520,1
47649,1
34204,1
63143,1
40477,1
54306,1
38780,1
63936,1
67559,1
27001,1
58896,1
68253,1
49459,1
71487,1
7071,1
9921,1
13171,1
65186,1
60520,1
57373,1
20100,1
42025,1
57464,1
16813,1
26152,1
35007,1
53188,1
53957,1
65890,1
54411,1
18134,1
63860,1
23265,1
24956,1
12202,1
54170,1
10065,1
70230,1
44261,1
16933,1
57668,1
61720,1
14783,1
18616,1
38868,1
68974,1
40001,1
9421,1
59177,1
17728,1
61892,1
71347,1
40905,1
49500,1
25417,1
52287,1
65601,1
27863,1
64989,1
29528,1
5253,1
9819,1
52593,1
67866,1
45915,1
29860,1
3226,1
16732,1
26061,1
62604,1
24499,1
28365,1
38628,1
64431,1
57036,1
40852,1
5904,1
30426,1
6584,1
48480,1
14035,1
63073,1
1002,1
36159,1
51727,1
20963,1
64062,1
54684,1
6159,1
38410,1
58067,1
7281,1
7613,1
8198,1
68312,1
57633,1
42978,1
60293,1
70386,1
10807,1
20485,1
4790,1
34000,1
46251,1
68843,1
68521,1
61329,1
67688,1
11334,1
21618,1
32198,1
2235,1
55604,1
4829,1
22633,1
34669,1
10473,1
27485,1
53743,1
60876,1
42636,1
23959,1
37562,1
27842,1
4180,1
60320,1
48952,1
62677,1
19288,1
17481,1
25299,1
4351,1
2326,1
22238,1
14002,1
55600,1
56868,1
53624,1
26177,1
59419,1
11910,1
15474,1
60858,1
67438,1
5215,1
4653,1
17748,1
34830,1
62111,1
7140,1
22000,1
37206,1
68493,1
13388,1
68503,1
61581,1
67334,1
39640,1
29385,1
64652,1
60670,1
28487,1
49340,1
33119,1
28926,1
35363,1
22893,1
59847,1
57366,1
57895,1
69603,1
65985,1
14132,1
20541,1
14674,1
68665,1
6438,1
71867,1
36636,1
25740,1
22044,1
6933,1
34294,1
54325,1
45017,1
41536,1
50205,1
45600,1
71007,1
14651,1
31296,1
68402,1
40113,1
48375,1
16536,1
22466,1
33993,1
70917,1
9750,1
32777,1
50300,1
45389,1
32215,1
66231,1
46819,1
26904,1
44399,1
46467,1
14746,1
51361,1
41480,1
56271,1
65114,1
40621,1
25842,1
61278,1
44056,1
5501,1
54646,1
30243,1
52493,1
2602,1
51544,1
18779,1
12963,1
15545,1
54611,1
51035,1
60618,1
8062,1
62738,1
63768,1
62142,1
23676,1
40252,1
40978,1
15186,1
62032,1
34529,1
68394,1
24393,1
11998,1
55808,1
56206,1
42438,1
28548,1
25146,1
57556,1
26594,1
33972,1
38580,1
21323,1
58658,1
10643,1
52568,1
34717,1
4731,1
1336,1
44965,1
18098,1
61443,1
4835,1
37672,1
43546,1
52292,1
47580,1
30268,1
33388,1
58984,1
39730,1
65925,1
5891,1
57838,1
68859,1
35726,1
2151,1
16233,1
19322,1
6946,1
52430,1
67639,1
69443,1
10569,1
55482,1
25182,1
64582,1
1087,1
32259,1
64962,1
61367,1
36554,1
21773,1
11897,1
58045,1
26875,1
57048,1
42761,1
17580,1
31898,1
13083,1
13279,1
64691,1
44325,1
32891,1
36220,1
28140,1
25274,1
16498,1
69919,1
54608,1
37783,1
21331,1
25443,1
42488,1
9145,1
64531,1
15196,1
21311,1
66743,1
65606,1
13423,1
68555,1
44878,1
